<?xml version="1.0" ?>
<LOG_ROOT>
	<PROJECT NAME="Cemil_Dalar_2019510025_HW3">
		<CBX_INST_ENTRY INSTANCE_NAME="|Cemil_Dalar_2019510025_HW3|HW3_DEC0:inst7|lpm_decode:LPM_DECODE_component" CBX_FILE_NAME="decode_0af.tdf"/>
		<CBX_INST_ENTRY INSTANCE_NAME="|Cemil_Dalar_2019510025_HW3|HW3_MUX1:inst6|lpm_mux:LPM_MUX_component" CBX_FILE_NAME="mux_1qc.tdf"/>
		<CBX_INST_ENTRY INSTANCE_NAME="|Cemil_Dalar_2019510025_HW3|HW3_R1:inst2|lpm_counter:LPM_COUNTER_component" CBX_FILE_NAME="cntr_5cj.tdf"/>
		<CBX_INST_ENTRY INSTANCE_NAME="|Cemil_Dalar_2019510025_HW3|HW3_R2:inst3|lpm_counter:LPM_COUNTER_component" CBX_FILE_NAME="cntr_5cj.tdf"/>
		<CBX_INST_ENTRY INSTANCE_NAME="|Cemil_Dalar_2019510025_HW3|HW3_R3:inst4|lpm_counter:LPM_COUNTER_component" CBX_FILE_NAME="cntr_5cj.tdf"/>
		<CBX_INST_ENTRY INSTANCE_NAME="|Cemil_Dalar_2019510025_HW3|hw3_mux:inst9|lpm_mux:LPM_MUX_component" CBX_FILE_NAME="mux_4qc.tdf"/>
		<CBX_INST_ENTRY INSTANCE_NAME="|Cemil_Dalar_2019510025_HW3|HW3_R0:inst|lpm_counter:LPM_COUNTER_component" CBX_FILE_NAME="cntr_5cj.tdf"/>
	</PROJECT>
</LOG_ROOT>
