<?xml version="1.0" ?>
<LOG_ROOT>
	<PROJECT NAME="2019510025_Cemil_Dalar_Group30_Lab8_Combined">
		<CBX_INST_ENTRY INSTANCE_NAME="|2019510025_Cemil_Dalar_Group30_Lab8_Combined|AR:inst3|lpm_counter:LPM_COUNTER_component" CBX_FILE_NAME="cntr_pqj.tdf"/>
		<CBX_INST_ENTRY INSTANCE_NAME="|2019510025_Cemil_Dalar_Group30_Lab8_Combined|Mux3:inst67|LPM_MUX:LPM_MUX_component" CBX_FILE_NAME="mux_e6e.tdf"/>
		<CBX_INST_ENTRY INSTANCE_NAME="|2019510025_Cemil_Dalar_Group30_Lab8_Combined|R0:inst13|lpm_counter:LPM_COUNTER_component" CBX_FILE_NAME="cntr_5cj.tdf"/>
		<CBX_INST_ENTRY INSTANCE_NAME="|2019510025_Cemil_Dalar_Group30_Lab8_Combined|StackMemory:inst21|altsyncram:altsyncram_component" CBX_FILE_NAME="altsyncram_ljk1.tdf"/>
		<CBX_INST_ENTRY INSTANCE_NAME="|2019510025_Cemil_Dalar_Group30_Lab8_Combined|Time_Decoder:inst46|lpm_decode:LPM_DECODE_component" CBX_FILE_NAME="decode_5af.tdf"/>
		<CBX_INST_ENTRY INSTANCE_NAME="|2019510025_Cemil_Dalar_Group30_Lab8_Combined|ALU:inst28|shift:inst7|lpm_clshift:LPM_CLSHIFT_component" CBX_FILE_NAME="lpm_clshift_ued.tdf"/>
		<CBX_INST_ENTRY INSTANCE_NAME="|2019510025_Cemil_Dalar_Group30_Lab8_Combined|SC:inst45|lpm_counter:LPM_COUNTER_component" CBX_FILE_NAME="cntr_bri.tdf"/>
		<CBX_INST_ENTRY INSTANCE_NAME="|2019510025_Cemil_Dalar_Group30_Lab8_Combined|SP:inst22|lpm_counter:LPM_COUNTER_component" CBX_FILE_NAME="cntr_4ii.tdf"/>
		<CBX_INST_ENTRY INSTANCE_NAME="|2019510025_Cemil_Dalar_Group30_Lab8_Combined|Data_Memory:inst11|altsyncram:altsyncram_component" CBX_FILE_NAME="altsyncram_5jk1.tdf"/>
		<CBX_INST_ENTRY INSTANCE_NAME="|2019510025_Cemil_Dalar_Group30_Lab8_Combined|Instruction_Memory:inst19|altsyncram:altsyncram_component" CBX_FILE_NAME="altsyncram_7cc1.tdf"/>
		<CBX_INST_ENTRY INSTANCE_NAME="|2019510025_Cemil_Dalar_Group30_Lab8_Combined|Mux3:inst69|LPM_MUX:LPM_MUX_component" CBX_FILE_NAME="mux_e6e.tdf"/>
		<CBX_INST_ENTRY INSTANCE_NAME="|2019510025_Cemil_Dalar_Group30_Lab8_Combined|R1:inst14|lpm_counter:LPM_COUNTER_component" CBX_FILE_NAME="cntr_5cj.tdf"/>
		<CBX_INST_ENTRY INSTANCE_NAME="|2019510025_Cemil_Dalar_Group30_Lab8_Combined|Decoder4:inst70|lpm_decode:LPM_DECODE_component" CBX_FILE_NAME="decode_7uf.tdf"/>
		<CBX_INST_ENTRY INSTANCE_NAME="|2019510025_Cemil_Dalar_Group30_Lab8_Combined|PC:inst24|lpm_counter:LPM_COUNTER_component" CBX_FILE_NAME="cntr_qqj.tdf"/>
		<CBX_INST_ENTRY INSTANCE_NAME="|2019510025_Cemil_Dalar_Group30_Lab8_Combined|ALU:inst28|4BITFULLADDER:inst|lpm_add_sub:LPM_ADD_SUB_component" CBX_FILE_NAME="add_sub_6hi.tdf"/>
		<CBX_INST_ENTRY INSTANCE_NAME="|2019510025_Cemil_Dalar_Group30_Lab8_Combined|Decoder4:inst44|lpm_decode:LPM_DECODE_component" CBX_FILE_NAME="decode_7uf.tdf"/>
		<CBX_INST_ENTRY INSTANCE_NAME="|2019510025_Cemil_Dalar_Group30_Lab8_Combined|Decoder4:inst71|lpm_decode:LPM_DECODE_component" CBX_FILE_NAME="decode_7uf.tdf"/>
		<CBX_INST_ENTRY INSTANCE_NAME="|2019510025_Cemil_Dalar_Group30_Lab8_Combined|R2:inst15|lpm_counter:LPM_COUNTER_component" CBX_FILE_NAME="cntr_5cj.tdf"/>
		<CBX_INST_ENTRY INSTANCE_NAME="|2019510025_Cemil_Dalar_Group30_Lab8_Combined|ALU:inst28|Shiftmux:inst25|LPM_MUX:LPM_MUX_component" CBX_FILE_NAME="mux_h6e.tdf"/>
		<CBX_INST_ENTRY INSTANCE_NAME="|2019510025_Cemil_Dalar_Group30_Lab8_Combined|Decoder4:inst72|lpm_decode:LPM_DECODE_component" CBX_FILE_NAME="decode_7uf.tdf"/>
		<CBX_INST_ENTRY INSTANCE_NAME="|2019510025_Cemil_Dalar_Group30_Lab8_Combined|ALU:inst28|INC:inst6|lpm_add_sub:LPM_ADD_SUB_component" CBX_FILE_NAME="add_sub_j2j.tdf"/>
		<CBX_INST_ENTRY INSTANCE_NAME="|2019510025_Cemil_Dalar_Group30_Lab8_Combined|Decode:inst|lpm_decode:LPM_DECODE_component" CBX_FILE_NAME="decode_svf.tdf"/>
		<CBX_INST_ENTRY INSTANCE_NAME="|2019510025_Cemil_Dalar_Group30_Lab8_Combined|JMRAdder:inst25|lpm_add_sub:LPM_ADD_SUB_component" CBX_FILE_NAME="add_sub_inh.tdf"/>
		<CBX_INST_ENTRY INSTANCE_NAME="|2019510025_Cemil_Dalar_Group30_Lab8_Combined|Mux2:inst4|LPM_MUX:LPM_MUX_component" CBX_FILE_NAME="mux_c6e.tdf"/>
		<CBX_INST_ENTRY INSTANCE_NAME="|2019510025_Cemil_Dalar_Group30_Lab8_Combined|ALU:inst28|Alumux:inst23|LPM_MUX:LPM_MUX_component" CBX_FILE_NAME="mux_k6e.tdf"/>
		<CBX_INST_ENTRY INSTANCE_NAME="|2019510025_Cemil_Dalar_Group30_Lab8_Combined|IR:inst20|lpm_counter:LPM_COUNTER_component" CBX_FILE_NAME="cntr_jdj.tdf"/>
		<CBX_INST_ENTRY INSTANCE_NAME="|2019510025_Cemil_Dalar_Group30_Lab8_Combined|Inp_Reg:inst9|lpm_counter:LPM_COUNTER_component" CBX_FILE_NAME="cntr_5cj.tdf"/>
		<CBX_INST_ENTRY INSTANCE_NAME="|2019510025_Cemil_Dalar_Group30_Lab8_Combined|Mux2:inst5|LPM_MUX:LPM_MUX_component" CBX_FILE_NAME="mux_c6e.tdf"/>
		<CBX_INST_ENTRY INSTANCE_NAME="|2019510025_Cemil_Dalar_Group30_Lab8_Combined|Mux3:inst66|LPM_MUX:LPM_MUX_component" CBX_FILE_NAME="mux_e6e.tdf"/>
		<CBX_INST_ENTRY INSTANCE_NAME="|2019510025_Cemil_Dalar_Group30_Lab8_Combined|Out_Reg:inst8|lpm_counter:LPM_COUNTER_component" CBX_FILE_NAME="cntr_5cj.tdf"/>
	</PROJECT>
</LOG_ROOT>
